{
    /*
    Host and impurity element.
    */
    "host": "Pd",
    "impurity": "Ru",

    /*
    Meta prefix(optional).
    */
    "prefix": "",

    /*
    Meta suffix(optional).
    */
    "suffix": "vib",

    /*
    descripton your calculation. it's optional
    */
    "description": "PdRu solubility limit calculation with tetrahedron approximation",


    /*
    Crystal structure

    Please use Strukturbericht symbol method. For example: Cu => A1; W => A2
    */
    "structure": "A1",


    /*
    Cluster

    Which sit will be chosen to export entropy term. Assume cube length as 1.
    */
    "cluster": [
        [0.0, 0.0, 0.0],
        [0.5, 0.5, 0.0],
        [0.0, 0.5, 0.5],
        [0.5, 0.0, 0.5]
    ],

    /*
    Experiment
     */
    "experiment": [
        {
            "temp": [1856, 1409, 1295, 1150, 1041, 910 ],
            "c": [0.172, 0.08, 0.06, 0.04, 0.03, 0.02]
        }
    ],

    /*
    Boltzmann constant
    unit is eV/K
    */
    "bzc": 8.6173303E-5,

    /*
    If energy input is not in eV unit
    set this to get a conversion before calculation
    */
    "conversion": 13.605698066,

    /*
    what method(s) will be used for this calculation
    */
    "methods": ["T"],

    /*
    data for calculation
    */
    "series": [
        {
            /*
            A label for a calculation sample
            */
            "label": "T = 1600K",

            /*
            elements concentration
            must be normalized
            */
            "x_1": 0.01,

            /*
            Convergence condition
             */
            "condition": 1e-7,

            /*
            Interaction energy
            */
            "data": {
                "lattice_c": [6.6, 6.8, 7, 7.1, 7.2, 7.3, 7.4, 7.5, 7.6, 7.7, 7.8, 7.9, 8],
                "host_mass": 106.4,
                "host_en": [-10093.50087, -10093.56036, -10093.5962, -10093.60762, -10093.61555, -10093.62048, -10093.62287, -10093.62314, -10093.62163, -10093.61865, -10093.61445, -10093.60928, -10093.60331],
                "pair1": [
                    {
                        "mass": 101.07,
                        "coefficient": 1,
                        "energy": [2059.961494, 2059.972499, 2059.989409, 2059.999564, 2060.010708, 2060.022719, 2060.035482, 2060.048883, 2060.062808, 2060.077148, 2060.091799, 2060.106651, 2060.121603] 
                    },
                    {
                        "mass": 103.735,
                        "coefficient": -2,
                        "energy": [1029.986257, 1029.991384, 1029.999588, 1030.004566, 1030.01005, 1030.015975, 1030.022283, 1030.028913, 1030.035806, 1030.042904, 1030.050152, 1030.05749, 1030.064862]
                    },
                    {
                        "mass": 106.4,
                        "coefficient": 1,
                        "energy": [-0.00002222, -0.00002086, -0.00002088, -0.00002141, -0.00002392, -0.00002683, -0.00003284, -0.00004102, -0.00005496, -0.00007731, -0.00011052, -0.00016161, -0.0002401]
                    }
                ],
                "triple": [
                    {
                        "mass": 101.07,
                        "coefficient": 1,
                        "energy": [3089.926695, 3089.944263, 3089.970358, 3089.985885, 3090.002861, 3090.021116, 3090.040482, 3090.060795, 3090.081887, 3090.103604, 3090.125792, 3090.148295, 3090.170968]
                    },
                    {
                        "mass": 102.847,
                        "coefficient": -3,
                        "energy": [2059.961494, 2059.972499, 2059.989409, 2059.999564, 2060.010708, 2060.022719, 2060.035482, 2060.048883, 2060.062808, 2060.077148, 2060.091799, 2060.106651, 2060.121603] 
                    },
                    {
                        "mass": 104.623,
                        "coefficient": 3,
                        "energy": [1029.986257, 1029.991384, 1029.999588, 1030.004566, 1030.01005, 1030.015975, 1030.022283, 1030.028913, 1030.035806, 1030.042904, 1030.050152, 1030.05749, 1030.064862]
                    },
                    {
                        "mass": 106.4,
                        "coefficient": -1,
                        "energy": [-0.00002222, -0.00002086, -0.00002088, -0.00002141, -0.00002392, -0.00002683, -0.00003284, -0.00004102, -0.00005496, -0.00007731, -0.00011052, -0.00016161, -0.0002401]
                    }
                ],
                "tetra": [
                    {
                        "mass": 101.07,
                        "coefficient": 1,
                        "energy": [4119.883486, 4119.908238, 4119.943978, 4119.965067, 4119.988051, 4120.01271, 4120.038832, 4120.066199, 4120.0946, 4120.123829, 4120.153689, 4120.183976, 4120.214502]
                    },
                    {
                        "mass": 102.403,
                        "coefficient": -4,
                        "energy": [3089.926695, 3089.944263, 3089.970358, 3089.985885, 3090.002861, 3090.021116, 3090.040482, 3090.060795, 3090.081887, 3090.103604, 3090.125792, 3090.148295, 3090.170968]
                    },
                    {
                        "mass": 103.735,
                        "coefficient": 6,
                        "energy": [2059.961494, 2059.972499, 2059.989409, 2059.999564, 2060.010708, 2060.022719, 2060.035482, 2060.048883, 2060.062808, 2060.077148, 2060.091799, 2060.106651, 2060.121603] 
                    },
                    {
                        "mass": 105.068,
                        "coefficient": -4,
                        "energy": [1029.986257, 1029.991384, 1029.999588, 1030.004566, 1030.01005, 1030.015975, 1030.022283, 1030.028913, 1030.035806, 1030.042904, 1030.050152, 1030.05749, 1030.064862]
                    },
                    {
                        "mass": 106.4,
                        "coefficient": 1,
                        "energy": [-0.00002222, -0.00002086, -0.00002088, -0.00002141, -0.00002392, -0.00002683, -0.00003284, -0.00004102, -0.00005496, -0.00007731, -0.00011052, -0.00016161, -0.0002401]
                    }
                ]
            },

            /*
            Chemical potential

            Chemical potential can be setted as a single value or continuous as [highest, lowest, point]
            */
            "delta_mu": [0.0],

            /*
            Temperature (K)

            Temperature can be setted as a single value or continuous as [highest, lowest, point, starter]
            */
            "temp": [400, 1500, 40]
        }
    ]
}
